"meanfreq","sd","median","Q25","Q75","IQR","skew","kurt","sp.ent","sfm","mode","centroid","meanfun","minfun","maxfun","meandom","mindom","maxdom","dfrange","modindx","label"
0.160307997822595,0.0589251371902532,0.165,0.103666666666667,0.197666666666667,0.094,1.42457421502012,4.94474979189205,0.935770772812762,0.534223135015647,0.187,0.160307997822595,0.0873854777789661,0.0239520958083832,0.20253164556962,0.65625,0.078125,3.59375,3.515625,0.299191919191919,"male"
0.158325987249619,0.0585498823404784,0.161842931937173,0.104376963350785,0.200251308900524,0.0958743455497382,1.5402867356435,5.98401347972248,0.935892257086753,0.51580477928681,0.15861780104712,0.158325987249619,0.0925591042018149,0.0159362549800797,0.228571428571429,0.737079326923077,0.078125,3.6484375,3.5703125,0.285776805251641,"male"
0.165330279704721,0.0554860956587471,0.172568908489526,0.110826901874311,0.207761852260198,0.0969349503858875,1.38805360714919,4.73418620230508,0.926011270298667,0.440072478482391,0.195104740904079,0.165330279704721,0.116493785484531,0.0431266846361186,0.258064516129032,0.700846354166667,0.09375,3.40625,3.3125,0.219134536505332,"male"
0.170129835687649,0.0578135522932072,0.174609250398724,0.115215311004785,0.218819776714514,0.103604465709729,0.724761904715031,2.69165328159295,0.935878190480161,0.454685016903721,0.111642743221691,0.170129835687649,0.094207017469196,0.0162767039674466,0.20253164556962,0.438878676470588,0.0390625,3.6796875,3.640625,0.161212446351931,"male"
0.169464701207465,0.0594470522459691,0.186430379746835,0.112,0.219037974683544,0.107037974683544,1.37826787897859,4.33875050307487,0.914390619590102,0.432981226127384,0.0971139240506329,0.169464701207465,0.0893552938732837,0.0173724212812161,0.168421052631579,0.15234375,0.09375,0.2109375,0.1171875,0.318518518518519,"male"
0.166537099059551,0.0571914557719312,0.178965517241379,0.107931034482759,0.212413793103448,0.10448275862069,1.7714097720409,6.07354991205673,0.918821226183712,0.446753348694072,0.0975862068965517,0.166537099059551,0.0866393765325778,0.024024024024024,0.115942028985507,0.402698863636364,0,3.578125,3.578125,0.128509045539613,"male"
0.167886012383412,0.0592214530585003,0.166042446941323,0.11605493133583,0.216729088639201,0.100674157303371,0.765767230629003,2.94525096006286,0.943349917821163,0.529653853592826,0.113607990012484,0.167886012383412,0.0976140136040731,0.0174482006543075,0.168421052631579,0.5625,0.09375,3.8984375,3.8046875,0.218788501026694,"male"
0.169464565769358,0.0583899834211188,0.177826086956522,0.11,0.204782608695652,0.0947826086956522,1.9365146041392,7.06215548619171,0.910126990708639,0.41650491462774,0.176521739130435,0.169464565769358,0.0964191149587609,0.0188235294117647,0.2,0.868106617647059,0.0859375,6.65625,6.5703125,0.194188466111772,"male"
0.16886089166281,0.0581236440578057,0.179628770301624,0.1107656612529,0.211786542923434,0.101020881670534,1.176149726534,3.85895734432295,0.933213265223063,0.485976124803516,0.0951740139211137,0.16886089166281,0.103069376730289,0.0198511166253102,0.228571428571429,0.478600543478261,0.0859375,3.453125,3.3671875,0.172748365323771,"male"
0.170682072233214,0.0573572093461018,0.17908787541713,0.116796440489433,0.213659621802002,0.0968631813125695,1.04805710302951,3.58565866246772,0.927717606200324,0.405723409861163,0.208676307007786,0.170682072233214,0.0881859356310799,0.0160642570281125,0.139130434782609,0.458984375,0.09375,3.8359375,3.7421875,0.170191522192974,"male"
0.168511043950598,0.0579044517449627,0.174375,0.1128125,0.2146875,0.101875,1.74846226591577,7.02230753490141,0.922320291386497,0.419740331135834,0.1740625,0.168511043950598,0.100030640716024,0.0257234726688103,0.271186440677966,0.485026041666667,0,6.8359375,6.8359375,0.0933664596273292,"male"
0.16955951689289,0.0561778156934203,0.182310385064177,0.111738623103851,0.21465577596266,0.10291715285881,1.56947805410417,5.58095896292948,0.918170954877859,0.422003390321663,0.221843640606768,0.16955951689289,0.114235325888506,0.0188902007083825,0.271186440677966,0.787364130434783,0.109375,3.90625,3.796875,0.281051253273476,"male"
0.163774111811454,0.0579145779230876,0.173253493013972,0.111217564870259,0.204271457085828,0.0930538922155689,1.54738649739597,6.63676502614404,0.941775903539524,0.535958810672567,0.185828343313373,0.163774111811454,0.101930328609551,0.0225035161744023,0.242424242424242,0.474247685185185,0.0703125,3.8359375,3.765625,0.154005745292052,"male"
0.162641764729419,0.0572546175281808,0.167006651884701,0.104922394678492,0.203015521064302,0.0980931263858093,1.35765733813311,4.45247240791563,0.929360359992991,0.466833824721281,0.0999556541019956,0.162641764729419,0.0991733050559445,0.0164609053497942,0.271186440677966,0.503255208333333,0.09375,3.5390625,3.4453125,0.205461894902889,"male"
0.171499780153201,0.0567077830391097,0.186317757009346,0.106242990654206,0.207775700934579,0.101532710280374,2.21157623840442,7.90687853052894,0.876405945548905,0.329138610463827,0.0931588785046729,0.171499780153201,0.096413145252955,0.0225669957686883,0.222222222222222,1.01171875,0.09375,3.65625,3.5625,0.259109311740891,"male"
0.17114468034515,0.0599144938765984,0.179430814524043,0.114582924435721,0.211305201177625,0.0967222767419038,1.57233773694169,5.90575607402647,0.93668242595657,0.49506217360019,0.181629048086359,0.17114468034515,0.0902915286509632,0.0180383314543405,0.168421052631579,0.651041666666667,0.0859375,4.7265625,4.640625,0.218207718207718,"male"
0.168382880184089,0.0584563744480552,0.169132266217355,0.116529064869419,0.213951137320977,0.0974220724515585,1.19133015042226,4.73623167831577,0.941291393639098,0.486689573268914,0.161347935973041,0.168382880184089,0.100781470383706,0.0227272727272727,0.275862068965517,0.709425403225806,0.1015625,5.9765625,5.875,0.171719858156028,"male"
0.164261325042724,0.0551629741165384,0.164705882352941,0.117828054298643,0.206515837104072,0.0886877828054299,0.661864465645902,3.64384159123748,0.941826908468269,0.479815256051415,0.154570135746606,0.164261325042724,0.0893749564469694,0.024132730015083,0.213333333333333,0.683238636363636,0.09375,3.328125,3.234375,0.203623188405797,"male"
0.161377864526743,0.0615342793748331,0.171729879740981,0.102053654024052,0.199444958371878,0.0973913043478261,1.85619199169887,7.43664560199005,0.941715729119538,0.591426843482488,0.191415356151711,0.161377864526743,0.0915806227245098,0.0159203980099502,0.213333333333333,0.327316810344828,0,3.546875,3.546875,0.0748898678414097,"male"
0.173009239000958,0.0580289491659887,0.188243243243243,0.110990990990991,0.211576576576577,0.100585585585586,2.28844704988793,9.64553910279389,0.918731594499342,0.448021983263034,0.208108108108108,0.173009239000958,0.101928630792873,0.0193704600484262,0.238805970149254,1.03287760416667,0.0859375,3.90625,3.8203125,0.310393882813195,"male"
0.164867532668966,0.0594862059000357,0.168284625158831,0.110648030495553,0.20279542566709,0.0921473951715375,1.4450466133585,5.1998547356723,0.933184773629577,0.482178709659063,0.188919949174079,0.164867532668966,0.0933336245723988,0.0175824175824176,0.238805970149254,0.4875,0,3.3984375,3.3984375,0.192498487598306,"male"
0.169893692849231,0.0622191210070669,0.179347826086957,0.111739130434783,0.212391304347826,0.100652173913043,1.26819563455168,4.27851547230872,0.940310622102807,0.54597683360473,0.194347826086957,0.169893692849231,0.101228877552818,0.0221914008321775,0.271186440677966,0.403952205882353,0,3.5859375,3.5859375,0.14115006271869,"male"
0.165095659836029,0.0582723700841494,0.167367021276596,0.113005319148936,0.208324468085106,0.0953191489361702,0.91300369045827,3.40746651243288,0.947721969173123,0.527147455115364,0.158244680851064,0.165095659836029,0.0980118426630225,0.0183696900114811,0.266666666666667,0.648246951219512,0.078125,3.8828125,3.8046875,0.191375770020534,"male"
0.17411013765446,0.0580799387325209,0.187089755213055,0.11728014505893,0.216790571169538,0.0995104261106075,1.24906241005758,4.26074903031966,0.935819499977172,0.510268384761954,0.207144152311877,0.17411013765446,0.106151236848429,0.0193236714975845,0.262295081967213,0.610677083333333,0.0703125,6.359375,6.2890625,0.0893981580638252,"male"
0.172765404682706,0.058950125918076,0.173551198257081,0.118954248366013,0.219912854030501,0.100958605664488,1.37524351882226,6.77497009974498,0.939896069121057,0.477730983625933,0.170196078431373,0.172765404682706,0.0969799040967599,0.0245775729646697,0.258064516129032,0.793294270833333,0.09375,3.578125,3.484375,0.306492493663482,"male"
0.167745322441536,0.0602905112817547,0.175475896168109,0.104524103831891,0.204548825710754,0.100024721878863,1.62016162961462,5.52302666116529,0.920123814364201,0.449743751494694,0.084796044499382,0.167745322441536,0.0905261795974164,0.0185830429732869,0.150943396226415,0.164417613636364,0.078125,0.5234375,0.4453125,0.227234753550543,"male"
0.17326251554014,0.0596986857297071,0.180945709281961,0.116707530647986,0.220420315236427,0.103712784588441,0.891072427474957,3.35752645896778,0.939861605185759,0.475118971913971,0.0990542907180385,0.17326251554014,0.0891571781198543,0.0191616766467066,0.170212765957447,0.55695564516129,0.015625,3.515625,3.5,0.211458333333333,"male"
0.165225861561386,0.059416768022919,0.172307692307692,0.101230769230769,0.202030769230769,0.1008,1.49136333404538,5.07968601532869,0.91798493637424,0.437230159315592,0.0969230769230769,0.165225861561386,0.0960791674646247,0.017353579175705,0.275862068965517,0.3740234375,0,2.4765625,2.4765625,0.15209553853087,"male"
0.167819183349148,0.0570154514561183,0.180655737704918,0.105573770491803,0.20655737704918,0.100983606557377,1.5224428103898,4.87682769965995,0.910664178274714,0.380634843545159,0.204918032786885,0.167819183349148,0.0946557291481332,0.0380047505938242,0.152380952380952,0.363991477272727,0.0859375,3.2265625,3.140625,0.117389244254916,"male"
0.163924093416956,0.0592141762816094,0.163661971830986,0.111737089201878,0.220845070422535,0.109107981220657,1.10962870004437,3.61582664963092,0.928831310206397,0.501142353594239,0.162347417840376,0.163924093416956,0.0848803613455516,0.0211640211640212,0.136752136752137,0.122869318181818,0,0.1953125,0.1953125,0.26,"male"
0.176044315711951,0.0611217165406341,0.186976744186047,0.117674418604651,0.222790697674419,0.105116279069767,1.16158265530046,4.10048231416317,0.927969239436845,0.449724196823794,0.0967441860465116,0.176044315711951,0.0937314716229589,0.0173347778981582,0.158415841584158,0.4248046875,0,3.6171875,3.6171875,0.165442764578834,"male"
0.170684968055308,0.0602486205439349,0.169594477998274,0.123692838654012,0.222502157031924,0.098809318377912,1.18258997802092,4.88702783763058,0.9441650481009,0.496523256029043,0.165729076790336,0.170684968055308,0.101278291489722,0.0189798339264531,0.262295081967213,1.16796875,0,6.4609375,6.4609375,0.239653625619222,"male"
0.162943633017868,0.0571673764968095,0.174813499111901,0.104689165186501,0.202166962699822,0.0974777975133215,1.57684508614768,5.1103068590396,0.925793163469968,0.453558328572252,0.199182948490231,0.162943633017868,0.0918533467037811,0.0161290322580645,0.192771084337349,0.40948275862069,0.0703125,3.6171875,3.546875,0.152769037130271,"male"
0.171007462312327,0.0556230412206673,0.187761194029851,0.112835820895522,0.212238805970149,0.0994029850746269,2.05476548016501,8.21749144363237,0.915962541050178,0.422761811858988,0.199402985074627,0.171007462312327,0.103158698820648,0.0223152022315202,0.262295081967213,0.8653125,0.1015625,3.9140625,3.8125,0.369962431693989,"male"
0.167745164541572,0.0583413085189289,0.178291630716135,0.110405522001726,0.213805004314064,0.103399482312338,1.32022668311333,4.57504503737479,0.934324375997248,0.475079533794553,0.102191544434858,0.167745164541572,0.0930666315592794,0.0165631469979296,0.262295081967213,0.763608870967742,0.0703125,4.3359375,4.265625,0.21953601953602,"male"
0.167676273220263,0.0593926419817501,0.178513011152416,0.113977695167286,0.216505576208178,0.102527881040892,1.51480798743775,5.93852597609408,0.924769632674806,0.459182495951161,0.184237918215613,0.167676273220263,0.103105698874701,0.0269360269360269,0.262295081967213,0.487723214285714,0.078125,2.421875,2.34375,0.105897435897436,"male"
0.167084842509566,0.0569338325883259,0.1744,0.1104,0.2072,0.0968,1.18655568077338,4.1317709612629,0.924902026908831,0.410200214685455,0.1792,0.167084842509566,0.093626112627035,0.0205128205128205,0.246153846153846,0.559621710526316,0.09375,4.34375,4.25,0.200674019607843,"male"
0.163499031478555,0.0589464950264747,0.179024390243902,0.104878048780488,0.206829268292683,0.101951219512195,1.77480901424827,6.02670651979844,0.912446412101198,0.439286890977894,0.103414634146341,0.163499031478555,0.111143929260956,0.0280701754385965,0.246153846153846,0.8875,0.09375,3.546875,3.453125,0.402391725921138,"male"
0.170411125199017,0.0599112482915062,0.178947368421053,0.109824561403509,0.214385964912281,0.104561403508772,1.42010410760171,4.8869017765879,0.928268423632823,0.446417646229564,0.182456140350877,0.170411125199017,0.104462876110658,0.0161779575328615,0.238805970149254,0.987215909090909,0.0859375,6.4921875,6.40625,0.203774680603949,"male"
0.162831974212386,0.0602078662304288,0.163333333333333,0.107828282828283,0.210353535353535,0.102525252525253,0.858082210221409,3.34268019903163,0.942588537611611,0.513121083147836,0.160151515151515,0.162831974212386,0.0979727082467246,0.0157635467980296,0.246153846153846,0.619921875,0.1015625,3.3359375,3.234375,0.301932367149758,"male"
0.163391498803195,0.0607182091957056,0.168085106382979,0.102127659574468,0.202127659574468,0.1,1.39283413546808,4.81253087651358,0.930010263518101,0.510392848598085,0.164255319148936,0.163391498803195,0.0901179668049254,0.0328542094455852,0.246153846153846,0.395680147058824,0.1015625,3.46875,3.3671875,0.152262180974478,"male"
0.160512203237375,0.0587864030376693,0.173545232273839,0.101662591687042,0.2040097799511,0.102347188264059,1.65410278432839,5.07992964985631,0.917535894637271,0.46239964558584,0.0903667481662592,0.160512203237375,0.0990057862813383,0.0161616161616162,0.253968253968254,0.993675595238095,0.0859375,3.671875,3.5859375,0.333551198257081,"male"
0.162618828208132,0.0583736774321281,0.164924242424242,0.111628787878788,0.210795454545455,0.0991666666666667,1.13819717812422,4.03428597832304,0.941856733231837,0.513766011513977,0.112159090909091,0.162618828208132,0.106524227140814,0.0201511335012594,0.242424242424242,0.892780172413793,0.078125,3.9140625,3.8359375,0.388056444573756,"male"
0.160321050782245,0.0591043328721653,0.164406417112299,0.108406417112299,0.205732620320856,0.0973262032085561,1.10016638088612,4.13638441929757,0.944286405130711,0.539799133999063,0.169197860962567,0.160321050782245,0.104812567509743,0.0372093023255814,0.246153846153846,0.464518229166667,0.0859375,3.7109375,3.625,0.168665667166417,"male"
0.161744870426144,0.0568628325003645,0.162722513089005,0.107748691099476,0.202670157068063,0.0949214659685864,1.16177143375137,4.02919340344817,0.935370813356275,0.498647325173226,0.155026178010471,0.161744870426144,0.0929139659017428,0.016016016016016,0.235294117647059,0.3859375,0.0859375,3.9921875,3.90625,0.124947368421053,"male"
0.166148566930524,0.0578044884439611,0.175141700404858,0.110242914979757,0.202631578947368,0.0923886639676113,1.43151695531077,5.27174110793687,0.933610880790154,0.464551112134366,0.181093117408907,0.166148566930524,0.0936361804520159,0.0169851380042463,0.219178082191781,0.556490384615385,0,3.6484375,3.6484375,0.173361884368308,"male"
0.166040046076144,0.0566711869760745,0.173421052631579,0.106842105263158,0.206315789473684,0.0994736842105263,1.55578700676076,5.51735812236479,0.92382575081738,0.425284412375286,0.205789473684211,0.166040046076144,0.0893800552194669,0.0200501253132832,0.225352112676056,0.560075431034483,0.0859375,3.5234375,3.4375,0.218425324675325,"male"
0.161651716650447,0.0604105422896034,0.164586357039187,0.109317851959361,0.211320754716981,0.10200290275762,1.07251836625453,3.53160939033369,0.936362363063615,0.518441910145441,0.110943396226415,0.161651716650447,0.0989105898877979,0.0175054704595186,0.235294117647059,0.427849264705882,0.09375,3.2578125,3.1640625,0.175308641975309,"male"
0.169810716182667,0.0586139162176148,0.178962264150943,0.114575471698113,0.204716981132075,0.0901415094339622,1.47481404421052,4.91600746490946,0.928335276175157,0.466412726666642,0.18127358490566,0.169810716182667,0.104859607944124,0.0163766632548618,0.275862068965517,0.458559782608696,0,3.5078125,3.5078125,0.185158939056489,"male"
0.168169298438859,0.0607233739780011,0.172401746724891,0.114934497816594,0.211528384279476,0.0965938864628821,0.842947262339023,3.03396853784327,0.943207209329586,0.515205208888743,0.191965065502183,0.168169298438859,0.0978245245777692,0.0216508795669824,0.253968253968254,0.86491935483871,0.0859375,4.2578125,4.171875,0.329588014981273,"male"
0.164405623458333,0.0588338497901279,0.175993322203673,0.108914858096828,0.209883138564274,0.100968280467446,1.81785435272002,7.49190481837476,0.938224261924346,0.540816317275822,0.1979632721202,0.164405623458333,0.0940481840380082,0.0176017601760176,0.192771084337349,0.345635775862069,0.0234375,3.1953125,3.171875,0.132275132275132,"male"
0.177958327117053,0.0610912611097211,0.185245346869712,0.12507614213198,0.225042301184433,0.0999661590524535,1.2954888729529,5.58323372931077,0.938042792635251,0.486925294638969,0.203722504230118,0.177958327117053,0.101608230660474,0.0259319286871961,0.2,1.21354166666667,0.1328125,4.2421875,4.109375,0.289788158609451,"male"
0.163158918560648,0.0634812495982463,0.173475026567481,0.10712008501594,0.214835281615303,0.107715196599362,1.05029034445624,3.65907616582014,0.950389775793377,0.617380311627506,0.18865037194474,0.163158918560648,0.111809837258559,0.0207522697795071,0.266666666666667,0.71875,0.0625,3.359375,3.296875,0.249210110584518,"male"
0.167988075722537,0.0583890739555524,0.176906318082789,0.112854030501089,0.212897603485839,0.100043572984749,1.77904394921875,7.1184929782581,0.922326831066767,0.466645540338012,0.0872331154684096,0.167988075722537,0.108739928360245,0.029143897996357,0.205128205128205,0.501302083333333,0.09375,3.515625,3.421875,0.207139892071399,"male"
0.1698154676509,0.0581905657409372,0.179791833466773,0.113210568454764,0.210952762209768,0.097742193755004,1.35670615796684,5.11007252529966,0.939317574971178,0.485296782330275,0.198622898318655,0.1698154676509,0.104323315406865,0.0157016683022571,0.271186440677966,0.981534090909091,0.0859375,6.34375,6.2578125,0.19834581772784,"male"
0.165454511799017,0.0598686867220469,0.166699266503668,0.112958435207824,0.2040097799511,0.0910513447432763,1.20258449957947,4.41183913506048,0.94040664301361,0.529350190938961,0.165330073349633,0.165454511799017,0.0984374855692093,0.0196319018404908,0.195121951219512,0.477272727272727,0,3.8671875,3.8671875,0.176527176527177,"male"
0.158996248620861,0.0607216301196444,0.166995515695067,0.10254110612855,0.202989536621824,0.100448430493274,1.22920972087835,4.14421130644647,0.94208934038518,0.599682985349806,0.200059790732436,0.158996248620861,0.0956508778898204,0.0178571428571429,0.186046511627907,0.176470588235294,0.0703125,0.4921875,0.421875,0.212962962962963,"male"
0.164725602979052,0.0612039806280649,0.171325301204819,0.105301204819277,0.20289156626506,0.0975903614457831,1.70263797879513,6.6307429522023,0.933661196222468,0.500706605581153,0.183373493975904,0.164725602979052,0.0916868693072331,0.0184757505773672,0.275862068965517,0.64111328125,0.078125,3.640625,3.5625,0.205149971703452,"male"
0.165804356453115,0.0644544708678307,0.168636363636364,0.115,0.218636363636364,0.103636363636364,0.679257257274729,2.7532852835739,0.957044759073944,0.691376869874478,0.107727272727273,0.165804356453115,0.0840153173502755,0.0162107396149949,0.126984126984127,0.69375,0.09375,4.296875,4.203125,0.267790759426447,"male"
0.162024484982501,0.0571000015164121,0.169851239669421,0.109223140495868,0.204099173553719,0.0948760330578513,1.02080062074363,3.46013745794144,0.932632215153302,0.492489165393596,0.0999669421487603,0.162024484982501,0.1038020547854,0.0171122994652406,0.275862068965517,0.58935546875,0.078125,3.6015625,3.5234375,0.194974131559497,"male"
0.16512735429123,0.0592991840182791,0.169661016949153,0.10885593220339,0.204067796610169,0.0952118644067797,1.09821841105535,3.57058424234646,0.935651330721687,0.495972186642308,0.185084745762712,0.16512735429123,0.0988813081209221,0.0173160173160173,0.235294117647059,0.394205729166667,0.078125,3.40625,3.328125,0.148703817105532,"male"
0.170282653104548,0.059895666016822,0.1736,0.114986666666667,0.216906666666667,0.10192,1.31233730000957,4.67086039735319,0.931756934046125,0.471574539312158,0.18144,0.170282653104548,0.0931943399124314,0.0164778578784758,0.253968253968254,1.38984375,0.1015625,4.21875,4.1171875,0.371117547188655,"male"
0.161127693174071,0.0574362580657281,0.164567307692308,0.103653846153846,0.202259615384615,0.0986057692307692,1.28535442431366,4.03422346492881,0.928718472183396,0.468261132845489,0.151778846153846,0.161127693174071,0.102511689258275,0.0214765100671141,0.258064516129032,0.848214285714286,0.0703125,3.828125,3.7578125,0.325199693620746,"male"
0.165362822385249,0.0597906585672432,0.169322381930185,0.11211498973306,0.208131416837782,0.0960164271047228,1.11869134329104,4.10436032192186,0.94390132297468,0.557233405165131,0.165010266940452,0.165362822385249,0.101070672955554,0.0215343203230148,0.253968253968254,0.891493055555556,0.078125,4.5,4.421875,0.255979885838543,"male"
0.166387696869137,0.061076103577368,0.168618784530387,0.116537753222836,0.211160220994475,0.094622467771639,0.825218624610365,3.22767934786,0.951050900354817,0.577592949731664,0.176869244935543,0.166387696869137,0.096152552446719,0.0166320166320166,0.20253164556962,0.671336206896552,0.0859375,3.5234375,3.4375,0.301704545454545,"male"
0.172400770898529,0.0601281184107761,0.172272727272727,0.118636363636364,0.230454545454545,0.111818181818182,1.35126501646458,5.01384244180015,0.930866021607291,0.46718599741292,0.120909090909091,0.172400770898529,0.106757100391825,0.0161127895266868,0.225352112676056,0.596966911764706,0.109375,2.6953125,2.5859375,0.304003021148036,"male"
0.183988442181045,0.0603312160908702,0.195561877667141,0.125064011379801,0.240568990042674,0.115504978662873,1.62708344521338,6.35997173778533,0.92975342629534,0.437445528536197,0.242958748221906,0.183988442181045,0.105136810113148,0.0193470374848851,0.238805970149254,0.878472222222222,0.09375,6.7890625,6.6953125,0.202622005628389,"male"
0.173069526605941,0.0585240609496471,0.185379310344828,0.119337931034483,0.220524137931034,0.101186206896552,1.01732510353457,3.55910112018106,0.934688047947487,0.464394626987508,0.189627586206897,0.173069526605941,0.0975384802304555,0.0267558528428094,0.242424242424242,0.560855263157895,0.078125,3.859375,3.78125,0.213842975206612,"male"
0.167494731116248,0.058527883105347,0.168223552894212,0.119600798403194,0.210698602794411,0.0910978043912176,1.12481521603032,4.18201151967565,0.941712095134754,0.504856350928783,0.169341317365269,0.167494731116248,0.0959533224033449,0.0164439876670093,0.266666666666667,0.206597222222222,0.109375,0.5859375,0.4765625,0.274274905422446,"male"
0.173886435252714,0.0600060350301798,0.173581599123768,0.121139101861993,0.229397590361446,0.108258488499452,0.632123176113525,2.87188089610173,0.943297689767839,0.477541480404896,0.228784227820372,0.173886435252714,0.117217518298178,0.0174482006543075,0.275862068965517,0.817708333333333,0,4.296875,4.296875,0.28600790513834,"male"
0.169050252580848,0.0625536075725487,0.17313269493844,0.106484268125855,0.211053351573187,0.104569083447332,1.74967222019288,7.04092464650718,0.931207944601342,0.498725011588828,0.0865663474692202,0.169050252580848,0.106925157032699,0.0377358490566038,0.262295081967213,0.656640625,0,4.4609375,4.4609375,0.236335146096414,"male"
0.179197776802491,0.0615737636291003,0.190350877192982,0.121578947368421,0.220438596491228,0.098859649122807,1.86174477767956,6.56732568311845,0.904926108483622,0.404714103939308,0.189122807017544,0.179197776802491,0.102817308824957,0.0504731861198738,0.266666666666667,0.292613636363636,0.0390625,0.5625,0.5234375,0.447761194029851,"male"
0.167320812221156,0.0609685890335209,0.174133333333333,0.1104,0.216,0.1056,1.30438631928649,4.66795614179279,0.940311346047153,0.549079920500931,0.106933333333333,0.167320812221156,0.0987348992480933,0.015888778550149,0.258064516129032,0.294084821428571,0.0859375,3.5078125,3.421875,0.102063250465077,"male"
0.167286155085619,0.0581664502253948,0.172677345537757,0.107963386727689,0.195102974828375,0.0871395881006865,2.07299108694239,7.72073434685076,0.901031818998599,0.3633734271808,0.170114416475973,0.167286155085619,0.0959688521874089,0.0210526315789474,0.275862068965517,0.15625,0,0.1953125,0.1953125,0.163478260869565,"male"
0.164828923798924,0.0581538101684822,0.165911047345768,0.119311334289813,0.204878048780488,0.0855667144906743,1.35667472557033,5.69589043285756,0.939592189883556,0.491538446735353,0.167517934002869,0.164828923798924,0.0891706191803403,0.0214765100671141,0.242424242424242,0.565538194444444,0.0859375,2.734375,2.6484375,0.242581988547631,"male"
0.16787021576583,0.0589539574612554,0.186925207756233,0.108587257617729,0.215623268698061,0.107036011080332,1.97326912242628,7.006233590435,0.913292857568815,0.453653198029452,0.202825484764543,0.16787021576583,0.107260137109222,0.043360433604336,0.275862068965517,0.688368055555556,0,3.53125,3.53125,0.282925559604373,"male"
0.166603067389134,0.0595724605846679,0.168695652173913,0.113478260869565,0.212608695652174,0.0991304347826087,0.760471384694462,2.89004667718788,0.945029119368563,0.572656273083486,0.210434782608696,0.166603067389134,0.122255249499707,0.0176405733186329,0.271186440677966,0.519301470588235,0,3.3671875,3.3671875,0.247534802784223,"male"
0.172946975814903,0.0600397105442586,0.177611940298507,0.118407960199005,0.22636815920398,0.107960199004975,0.798571899974349,3.11362252719574,0.942203853031958,0.510695015248165,0.228109452736318,0.172946975814903,0.0863314229998463,0.0179977502812148,0.135593220338983,0.468359375,0.078125,3.9453125,3.8671875,0.175544922913344,"male"
0.171332916365447,0.056162715684709,0.190373831775701,0.111214953271028,0.21196261682243,0.100747663551402,1.94688656463264,6.18702020584371,0.894682692853629,0.441623255607028,0.200841121495327,0.171332916365447,0.117317306941603,0.0698689956331878,0.242424242424242,0.460227272727273,0.109375,2.96875,2.859375,0.224863387978142,"male"
0.174106881453214,0.0595830715391348,0.189955947136564,0.114713656387665,0.223876651982379,0.109162995594714,2.39173642566258,9.71390747466456,0.909385918510166,0.487941937767546,0.219559471365639,0.174106881453214,0.111041400547114,0.0398009950248756,0.275862068965517,0.42578125,0,2.7421875,2.7421875,0.190624190624191,"male"
0.176343829707702,0.0571194431017707,0.185144927536232,0.118695652173913,0.221159420289855,0.102463768115942,1.08225949772325,3.46577493977724,0.921934390585115,0.426072399613965,0.221159420289855,0.176343829707702,0.111419624208024,0.0250783699059561,0.216216216216216,0.510416666666667,0.09375,3.015625,2.921875,0.193850267379679,"male"
0.179915323049453,0.0591739341445547,0.17804347826087,0.131376811594203,0.230289855072464,0.0989130434782609,0.612266381439927,2.66431957564306,0.938164859599066,0.465928542962242,0.264275362318841,0.179915323049453,0.113482942146235,0.0161943319838057,0.25,1.29270833333333,0.1015625,6.921875,6.8203125,0.325724104074619,"male"
0.170441888045555,0.0637786228561487,0.179215155615697,0.113667117726658,0.219377537212449,0.105710419485792,1.55328368578648,5.69898661559873,0.940621902740618,0.605972564632196,0.198917456021651,0.170441888045555,0.0957495441399524,0.0237388724035608,0.271186440677966,1.012890625,0.0859375,6.9609375,6.875,0.225777511961722,"male"
0.16873363743683,0.0575855881866643,0.179315068493151,0.110513698630137,0.205684931506849,0.0951712328767123,1.51092349893555,5.12191848863221,0.928912731497752,0.473165639793018,0.179315068493151,0.16873363743683,0.0959340937870424,0.0224719101123596,0.20253164556962,0.884521484375,0.09375,6.90625,6.8125,0.140685113939035,"male"
0.166390404831449,0.0576627061721653,0.178362989323843,0.108944246737841,0.204270462633452,0.0953262158956109,1.94029962167852,8.05624450953333,0.926897033484836,0.480990508886375,0.2029418742586,0.166390404831449,0.104994762522922,0.0212765957446809,0.262295081967213,0.856657608695652,0,6.0078125,6.0078125,0.181877290459865,"male"
0.168790045277912,0.0593509240154775,0.172372372372372,0.114774774774775,0.2203003003003,0.105525525525526,0.807405657115411,3.23584284728602,0.942116058594181,0.543974971679892,0.227027027027027,0.168790045277912,0.11636956669477,0.0191387559808612,0.266666666666667,1.02560763888889,0.09375,4.265625,4.171875,0.30777704340163,"male"
0.171565097134694,0.0587670171244007,0.180569020021075,0.113003161222339,0.214204425711275,0.101201264488936,2.19624960880284,9.96830621558197,0.927865136335193,0.474652564150401,0.210958904109589,0.171565097134694,0.0946537082404732,0.0215924426450742,0.266666666666667,0.65625,0.078125,3.625,3.546875,0.23989657153802,"male"
0.17330261396972,0.0583556554726002,0.183200707338638,0.112396109637489,0.212413793103448,0.100017683465959,1.30989764725479,4.15555241053376,0.922809096019256,0.399462219892429,0.092343059239611,0.17330261396972,0.0909008147474417,0.0161127895266868,0.168421052631579,0.726293103448276,0.078125,5.9296875,5.8515625,0.191636467671181,"male"
0.167476049211132,0.0623494887711662,0.164524137931034,0.118179310344828,0.229020689655172,0.110841379310345,1.37601227077348,4.70933306972657,0.934245416595562,0.527213064399166,0.0795586206896552,0.167476049211132,0.094740718389914,0.0239520958083832,0.242424242424242,1.19444444444444,0.0390625,6.875,6.8359375,0.222789915966387,"male"
0.166221003814348,0.0586416382705685,0.173670886075949,0.109873417721519,0.209507735583685,0.099634317862166,1.71020716947013,7.04164768320634,0.932921162298251,0.514728070677459,0.206751054852321,0.166221003814348,0.102532256563648,0.0437158469945355,0.258064516129032,1.02302631578947,0,6.46875,6.46875,0.285762211486849,"male"
0.168526871014701,0.0585326421302123,0.187020202020202,0.111010101010101,0.218838383838384,0.107828282828283,1.81053388935251,6.63541051185238,0.924574134343087,0.46086261274136,0.222373737373737,0.168526871014701,0.102975177864423,0.0159521435692921,0.271186440677966,0.453125,0,2.671875,2.671875,0.234941520467836,"male"
0.168699837606867,0.0566221340022775,0.179468085106383,0.111950354609929,0.209255319148936,0.0973049645390071,1.49700060563163,5.53534765131409,0.93231039626889,0.453229510270867,0.198085106382979,0.168699837606867,0.0976847682021758,0.0184331797235023,0.275862068965517,0.872227822580645,0.0859375,3.9296875,3.84375,0.328523035230352,"male"
0.173326929993536,0.0584108155770058,0.18271186440678,0.115875706214689,0.219887005649718,0.104011299435028,1.1910484308479,4.03379775878734,0.933268191778616,0.473259395347824,0.21,0.173326929993536,0.0994390251089632,0.017353579175705,0.225352112676056,0.549045138888889,0.0703125,4.3125,4.2421875,0.196295092622684,"male"
0.167648266458192,0.0591033479563688,0.172926391382406,0.112854578096948,0.213895870736086,0.101041292639138,0.956576774080575,3.53287355836947,0.943557962496734,0.482870793607029,0.185996409335727,0.167648266458192,0.0887007311923196,0.0199004975124378,0.213333333333333,0.630118534482759,0.078125,5.3828125,5.3046875,0.185935198821797,"male"
0.169021454397966,0.0589853551266131,0.18,0.11525,0.21375,0.0985,1.21767958999879,4.66981096753729,0.942066594658556,0.515987408712163,0.1995,0.169021454397966,0.10539523481682,0.0266666666666667,0.258064516129032,1.02786458333333,0,6.703125,6.703125,0.247005867695523,"male"
0.171160873304848,0.0578053307958574,0.183658536585366,0.111951219512195,0.214146341463415,0.10219512195122,1.5020956194527,5.24012254149452,0.930803622418495,0.466675314615922,0.21390243902439,0.171160873304848,0.0924194864448196,0.0160965794768612,0.271186440677966,0.561279296875,0,3.359375,3.359375,0.189647411852963,"male"
0.173060579340429,0.0606998390435875,0.182157031924072,0.122243313201035,0.22153580672994,0.0992924935289042,1.53178935705471,6.89706552610627,0.945011359564158,0.540692691319968,0.187471958584987,0.173060579340429,0.103795146812909,0.0240601503759398,0.2,0.533266129032258,0.0859375,3.53125,3.4453125,0.211413454270597,"male"
0.170843753155258,0.0586099395483757,0.165633802816901,0.123568075117371,0.21887323943662,0.0953051643192488,0.48453060280022,2.71982293287946,0.940586938458622,0.467824862515875,0.157746478873239,0.170843753155258,0.0939361259498948,0.0171122994652406,0.228571428571429,0.659090909090909,0.0859375,2.6484375,2.5625,0.375914634146341,"male"
0.168121889741248,0.0575714438364233,0.174035087719298,0.117543859649123,0.213684210526316,0.096140350877193,0.807217451637898,3.01496278209375,0.942489318928935,0.536833323678041,0.0954385964912281,0.168121889741248,0.0901018109610957,0.0222222222222222,0.20253164556962,0.35703125,0,3.0390625,3.0390625,0.132052496279259,"male"
0.181748686398527,0.0628909397048439,0.19025041736227,0.129482470784641,0.23652754590985,0.107045075125209,0.581165832759686,2.61787518105589,0.948810912227815,0.592972999791485,0.200534223706177,0.181748686398527,0.0828889719050039,0.0256,0.168421052631579,0.73974609375,0,3.890625,3.890625,0.183400267737617,"male"
0.159440764782586,0.0791814631955151,0.145630026809651,0.117104557640751,0.237211796246649,0.120107238605898,2.94460914644293,13.8407387926731,0.943895130001223,0.668327592909987,0.135370866845398,0.159440764782586,0.117617024055468,0.0157170923379175,0.253968253968254,0.676983173076923,0,4.21875,4.21875,0.207484567901235,"female"
0.141649203483304,0.078399200876145,0.136497498213009,0.0842601858470336,0.20854896354539,0.124288777698356,1.79497960076935,8.25768712833204,0.968281499903748,0.759254244790172,0.137298070050036,0.141649203483304,0.13169652154648,0.0259319286871961,0.275862068965517,0.424838362068966,0,3.3515625,3.3515625,0.176573426573427,"female"
0.168299959234623,0.0760521763603405,0.152909220872051,0.123688348820586,0.246776268763402,0.123087919942816,1.85439490275351,6.83064701621495,0.945288374261204,0.633160063034051,0.133295210864903,0.168299959234623,0.129779360803033,0.0164778578784758,0.253968253968254,0.382211538461538,0,4.15625,4.15625,0.136691729323308,"female"
0.166770300283006,0.0748348365155286,0.157140303842717,0.12035746201966,0.239213583556747,0.118856121537087,1.42319971310874,5.22726847588148,0.951493496693972,0.652039606578394,0.134620196604111,0.166770300283006,0.125579102868295,0.0465116279069767,0.258064516129032,0.24765625,0.015625,0.5234375,0.5078125,0.364372469635628,"female"
0.149427486424852,0.0818335096667389,0.137830750893921,0.101454112038141,0.2346126340882,0.13315852205006,1.83533813671076,6.24479555695221,0.945475842674392,0.670545268423656,0.123480333730632,0.149427486424852,0.131705377715002,0.0222841225626741,0.262295081967213,0.198863636363636,0.015625,0.515625,0.5,0.346875,"female"
0.161318697463337,0.0784439954014844,0.145129579982127,0.115603217158177,0.24171581769437,0.126112600536193,2.1461602382569,8.81881658690436,0.947963538854813,0.6664915021358,0.125361930294906,0.161318697463337,0.11701908679564,0.0163934426229508,0.150943396226415,0.25,0.0078125,1.7890625,1.78125,0.130053394355454,"female"
0.15425470708742,0.0806952130269878,0.139874888293119,0.104843610366399,0.237712243074173,0.132868632707775,1.65223083560179,6.11006683770825,0.957891401892095,0.709633128632177,0.12361036639857,0.15425470708742,0.11603740869094,0.0170575692963753,0.152380952380952,0.167317708333333,0,0.5390625,0.5390625,0.219281663516068,"female"
0.161563561092415,0.0820878762626702,0.143378016085791,0.117354781054513,0.244468275245755,0.127113494191242,2.26016448417652,8.90355431011298,0.937348366962,0.61522261055914,0.125111706881144,0.161563561092415,0.138185730024659,0.0666666666666667,0.242424242424242,0.321800595238095,0,4,4,0.0293996710526316,"female"
0.148842263117531,0.08060405597491,0.138899213724089,0.0994710507505361,0.223359542530379,0.123888491779843,1.86889591105902,8.73899735728772,0.96189078520928,0.722063753671447,0.128291636883488,0.148842263117531,0.135644078596577,0.0239520958083832,0.271186440677966,0.29375,0,2.2265625,2.2265625,0.173976608187135,"female"
0.163821085194373,0.0720713979970319,0.152508934953538,0.118284488920658,0.232566118656183,0.114281629735525,1.68394329853572,6.73408887394779,0.943834423553581,0.603046559818631,0.115682630450322,0.163821085194373,0.12914630611496,0.0242057488653555,0.192771084337349,0.352463942307692,0.015625,4.203125,4.1875,0.105223880597015,"female"
0.162890740248491,0.0747803947259361,0.144303073624017,0.112880629020729,0.229964260185847,0.117083631165118,1.91729042526664,6.9589264372395,0.943297033674177,0.631061553954342,0.115882773409578,0.162890740248491,0.124173083664313,0.0158102766798419,0.258064516129032,0.198617788461538,0.1015625,0.703125,0.6015625,0.257142857142857,"female"
0.16202530669882,0.076707503348743,0.147381590705987,0.112600536193029,0.235710455764075,0.123109919571046,1.32345291500613,4.52601949221715,0.952889403346152,0.669273813001484,0.122859696157283,0.16202530669882,0.130162732139713,0.0195360195360195,0.275862068965517,0.484375,0.0078125,4.1875,4.1796875,0.189719626168224,"female"
0.154747482077593,0.0811373142065814,0.136897784131523,0.103073624017155,0.236568977841315,0.13349535382416,2.17720329040913,8.97035620741216,0.957889490460609,0.714898830676642,0.13409578270193,0.154747482077593,0.134684556773029,0.0329218106995885,0.275862068965517,0.324344758064516,0,2.59375,2.59375,0.114056224899598,"female"
0.156887080187463,0.0793036131304369,0.14112600536193,0.107345844504021,0.2362109025916,0.128865058087578,2.4396018248038,10.2457330344463,0.951608702143253,0.702517801756608,0.131867739052726,0.156887080187463,0.120118085933445,0.0205128205128205,0.258064516129032,0.3271875,0.015625,3.578125,3.5625,0.108187134502924,"female"
0.163543633895118,0.0835088484477138,0.140166865315852,0.118140643623361,0.249296781883194,0.131156138259833,2.90774874164685,13.3389091019213,0.930168074353625,0.635410838306915,0.125482717520858,0.163543633895118,0.118242510123129,0.0174482006543075,0.246153846153846,0.197916666666667,0,0.5078125,0.5078125,0.348351648351648,"female"
0.157501199910902,0.078640402566229,0.14650464617584,0.112880629020729,0.234167262330236,0.121286633309507,2.28091414594643,10.1663350772384,0.94982715352842,0.669111852970631,0.117083631165118,0.157501199910902,0.123145067552822,0.0169851380042463,0.275862068965517,0.534213362068966,0,2.890625,2.890625,0.184884884884885,"female"
0.165764163762964,0.0776763282182566,0.14710507505361,0.119285203716941,0.243173695496783,0.123888491779843,1.97966539098539,8.51018564781245,0.942974851802599,0.62602395200324,0.124889206576126,0.165764163762964,0.124371787964292,0.032258064516129,0.266666666666667,0.279427083333333,0.0078125,3.8515625,3.84375,0.0943369778525372,"female"
0.168375775258456,0.07545486547417,0.152181168057211,0.118474374255066,0.247294398092968,0.128820023837902,2.23949490517128,9.15868020467809,0.937847148894156,0.604723038265994,0.128152562574493,0.168375775258456,0.125757640020763,0.0581818181818182,0.231884057971014,0.120028409090909,0.015625,0.2578125,0.2421875,0.164516129032258,"female"
0.157801351350095,0.0794047096014788,0.136497498213009,0.108877769835597,0.238770550393138,0.129892780557541,2.09176235792991,8.14045459598894,0.951439115107085,0.682917688761861,0.124488920657613,0.157801351350095,0.109177979956397,0.016016016016016,0.213333333333333,0.370081018518519,0,3.828125,3.828125,0.0704081632653061,"female"
0.166606959357633,0.079323224633124,0.149907076483202,0.116483202287348,0.246175839885633,0.129692637598284,2.08612407594292,7.34676773339338,0.944440673279417,0.651836476556419,0.130293066476054,0.166606959357633,0.118250575593453,0.0261437908496732,0.271186440677966,0.331018518518519,0,3.6171875,3.6171875,0.0623857783684997,"female"
0.156133471722527,0.078678863011384,0.146380697050938,0.108346738159071,0.228954423592493,0.120607685433423,1.94020039971159,7.8007698149709,0.956657606765424,0.706133975263396,0.115102770330652,0.156133471722527,0.123284035703742,0.0261865793780687,0.253968253968254,0.27046130952381,0,2.015625,2.015625,0.117441860465116,"female"
0.14508127702617,0.0814670569029712,0.130244192972007,0.0808814770696843,0.231137581893985,0.1502561048243,2.05894961046884,8.89967775209867,0.958601918848862,0.700000861497464,0.131578320428827,0.14508127702617,0.123951970950402,0.0167189132706374,0.271186440677966,0.237723214285714,0.0234375,2.5625,2.5390625,0.117389277389277,"female"
0.142227704500536,0.0811808543314082,0.132924961715161,0.0746094946401225,0.22096988259316,0.146360387953037,1.5298206102081,5.94747704946609,0.968885341810565,0.755372706961101,0.128351199591628,0.142227704500536,0.120882635349365,0.0380047505938242,0.258064516129032,0.280704941860465,0.015625,3.578125,3.5625,0.10285622593068,"female"
0.163427493786523,0.0765013770249764,0.149907076483202,0.119285203716941,0.239771265189421,0.12048606147248,1.89088501581126,7.58607972882492,0.951382183592186,0.668990903213588,0.128491779842745,0.163427493786523,0.13388108086151,0.0579710144927536,0.262295081967213,0.463802083333333,0,3.40625,3.40625,0.217494463777286,"female"
0.165748771104659,0.079300178651154,0.148882931188561,0.116103663985702,0.244468275245755,0.128364611260054,1.73734076604774,6.15638222529321,0.947199086070003,0.653799107073113,0.132868632707775,0.165748771104659,0.136771226733288,0.0278260869565217,0.271186440677966,0.405048076923077,0,3.4140625,3.4140625,0.178032036613272,"female"
0.15747623553866,0.0775615312914147,0.136872207327971,0.111099195710456,0.233708668453977,0.122609472743521,1.83208011731575,6.98492874286143,0.94700468930761,0.657575206459866,0.122109025915996,0.15747623553866,0.121479869708001,0.0575539568345324,0.19047619047619,0.340169270833333,0.015625,2.8984375,2.8828125,0.0927568366592757,"female"
0.161510656651429,0.0757994958201794,0.141584276354973,0.113234067897558,0.232304943418702,0.119070875521144,1.57443762245018,5.42039970558641,0.948011738668788,0.6349744001996,0.13524717093508,0.161510656651429,0.125204637368674,0.015888778550149,0.271186440677966,0.149445564516129,0.0078125,0.5390625,0.53125,0.147058823529412,"female"
0.132880293547405,0.0782437986231795,0.122812872467223,0.0680810488676997,0.208581644815256,0.140500595947557,1.95543433393657,8.74119170371813,0.964828587460075,0.762099042008886,0.114469606674613,0.132880293547405,0.109440137609936,0.0186263096623981,0.231884057971014,0.125520833333333,0,0.3515625,0.3515625,0.198412698412698,"female"
0.162764206051426,0.0792255123337314,0.138098641887062,0.116483202287348,0.24337383845604,0.126890636168692,2.23806285957611,9.50062634590297,0.937570773579396,0.592288519785741,0.123888491779843,0.162764206051426,0.139817711735982,0.018161180476731,0.262295081967213,0.173573369565217,0.015625,0.53125,0.515625,0.227272727272727,"female"
0.154314307718371,0.0747751467966957,0.147842669845054,0.106460071513707,0.210584028605483,0.104123957091776,1.24183012348324,4.46699436609007,0.959689655589756,0.710041385648265,0.134827175208582,0.154314307718371,0.114922336045854,0.015748031496063,0.266666666666667,0.217329545454545,0.0078125,0.9921875,0.984375,0.212698412698413,"female"
0.15188475670416,0.0753482408709333,0.13549463647199,0.114135876042908,0.230274135876043,0.116138259833135,2.59770290113219,11.3103828732191,0.938793034681666,0.651038016322615,0.122479141835518,0.15188475670416,0.136588776412099,0.0622568093385214,0.271186440677966,0.171316964285714,0.0078125,0.6328125,0.625,0.316346153846154,"female"
0.15540058375311,0.078829326005678,0.142918403811793,0.10789755807028,0.233305539011316,0.125407980941036,1.47143122885928,5.23187559684962,0.961965468428592,0.718330028950743,0.114568195354378,0.15540058375311,0.117381316451597,0.0210249671484888,0.242424242424242,0.505040322580645,0.015625,3.78125,3.765625,0.154426002766252,"female"
0.159168920271834,0.0810827662716791,0.139099356683345,0.110879199428163,0.242373123659757,0.131493924231594,1.94352954812508,7.22153110180069,0.949957427444977,0.669413484507144,0.136297355253753,0.159168920271834,0.122208103810347,0.0188014101057579,0.235294117647059,0.224051339285714,0,0.625,0.625,0.295192307692308,"female"
0.14911978942517,0.0804091451002757,0.131093638313081,0.0970693352394568,0.230564689063617,0.13349535382416,2.47742195770324,11.3878507742099,0.953082932215297,0.686134795632427,0.125289492494639,0.14911978942517,0.115579609908642,0.0169671261930011,0.266666666666667,0.561598557692308,0.015625,4.15625,4.140625,0.156075471698113,"female"
0.152675383089227,0.0784773849049916,0.1346962115797,0.105875625446748,0.226361686919228,0.12048606147248,2.11240075294031,8.74604986872466,0.951946291086485,0.675765571175181,0.132694781987134,0.152675383089227,0.118032059395488,0.0174482006543075,0.242424242424242,0.42265625,0.0078125,3.6484375,3.640625,0.138966997188101,"female"
0.149769134732826,0.0799299656322675,0.133825983313468,0.102789034564958,0.232943980929678,0.13015494636472,2.2167288846911,8.69815021080183,0.941670447339411,0.659124235151848,0.132824791418355,0.149769134732826,0.118459212751101,0.0173347778981582,0.205128205128205,0.318359375,0.015625,2.359375,2.34375,0.117878787878788,"female"
0.163961039248474,0.0741445076031654,0.14112600536193,0.119857015192136,0.244718498659517,0.124861483467382,2.68561757457479,12.1258721894511,0.924240991660503,0.564612885633026,0.128114387846291,0.163961039248474,0.114989494705818,0.0237037037037037,0.192771084337349,0.352430555555556,0.0859375,3.734375,3.6484375,0.134021917118025,"female"
0.150977898001407,0.0803926912406539,0.133825983313468,0.111799761620977,0.234946364719905,0.123146603098927,2.38603451932085,9.76338581105374,0.935329225798778,0.633609455469479,0.126817640047676,0.150977898001407,0.123141263220121,0.0235640648011782,0.275862068965517,0.407291666666667,0,3.640625,3.640625,0.16937461679951,"female"
0.163767094338513,0.0758185014663388,0.142627345844504,0.12135835567471,0.244468275245755,0.123109919571046,2.39664575940961,10.1827324706614,0.928721784552259,0.57546922898157,0.129615728328865,0.163767094338513,0.12994604531663,0.0364464692482916,0.25,0.410511363636364,0.015625,3.8125,3.796875,0.15716245345875,"female"
0.156627466905315,0.0797902414878617,0.13887399463807,0.115352993744415,0.240214477211796,0.124861483467382,2.11292221007961,8.1795739859432,0.935869595879764,0.610426371523301,0.123109919571046,0.156627466905315,0.132267029961054,0.0526315789473684,0.253968253968254,0.322172619047619,0,2.671875,2.671875,0.161549707602339,"female"
0.13948243031288,0.0814638447419379,0.125612153708668,0.0718141197497766,0.225451295799821,0.153637176050045,2.3997200102106,11.2396953844359,0.952866905675356,0.692098173517283,0.125361930294906,0.13948243031288,0.120702911218527,0.0158572844400396,0.271186440677966,0.168359375,0,0.625,0.625,0.276388888888889,"female"
0.149551784245912,0.0811466481376134,0.131867739052726,0.0960857908847185,0.239463806970509,0.143378016085791,2.5283362395407,11.464041966615,0.94774491244958,0.67802513481773,0.131867739052726,0.149551784245912,0.119644350036226,0.0203303684879288,0.262295081967213,0.37398097826087,0,3.671875,3.671875,0.17852998065764,"female"
0.155988606566579,0.0761174696505402,0.144903502501787,0.114882058613295,0.230764832022873,0.115882773409578,1.79000790950474,6.98513236303991,0.953553239301237,0.680761326532085,0.136497498213009,0.155988606566579,0.125893367443691,0.0160642570281125,0.258064516129032,0.286959134615385,0.0078125,3.8125,3.8046875,0.11129363449692,"female"
0.149398395624942,0.0814661340011211,0.136497498213009,0.102673338098642,0.22976411722659,0.127090779127949,1.53476442246818,5.60917799388308,0.957659674543167,0.700599312031961,0.130693352394568,0.149398395624942,0.128118476014733,0.0197287299630086,0.258064516129032,0.149088541666667,0,0.578125,0.578125,0.27497062279671,"female"
0.156873378055375,0.0805274737240029,0.137622877569258,0.112600536193029,0.238963360142985,0.126362823949955,1.97403972836431,7.48878579622193,0.94004468006217,0.614865788790767,0.013011617515639,0.156873378055375,0.117829982217493,0.0161127895266868,0.25,0.188368055555556,0,0.84375,0.84375,0.159041394335512,"female"
0.171799154623754,0.0786859788282906,0.14988382484361,0.123109919571046,0.250723860589812,0.127613941018767,2.13875278629193,8.01752346992494,0.920866223712785,0.53259254656818,0.134620196604111,0.171799154623754,0.12381689229543,0.0217096336499322,0.225352112676056,0.531589673913043,0.0078125,4.171875,4.1640625,0.166211836943544,"female"
0.165480423679255,0.0790264075627529,0.146104360257327,0.117884203002144,0.243774124374553,0.125889921372409,1.94685964455258,7.48381486435784,0.942420136938198,0.612026317781348,0.124889206576126,0.165480423679255,0.121241108344415,0.0229885057471264,0.222222222222222,0.245659722222222,0,0.9609375,0.9609375,0.201063164477799,"female"
0.152016882759432,0.0790690786414022,0.137622877569258,0.113601429848079,0.235960679177837,0.122359249329759,2.43343765715206,10.0479752098925,0.933798673073939,0.605516174040484,0.127864164432529,0.152016882759432,0.123374932413224,0.017563117453348,0.188235294117647,0.155790441176471,0.0078125,0.453125,0.4453125,0.325657894736842,"female"
0.166522261956105,0.0787450007233378,0.144629133154602,0.12035746201966,0.244718498659517,0.124361036639857,1.98972541948392,7.58089557582715,0.930380594916904,0.57339715107035,0.129365504915103,0.166522261956105,0.125816352626409,0.024024024024024,0.222222222222222,0.135546875,0.015625,0.4296875,0.4140625,0.264150943396226,"female"
0.152481087589999,0.0760485272553982,0.139899928520372,0.112480343102216,0.228363116511794,0.115882773409578,2.3663471881165,12.3585640001056,0.952599181115656,0.68337431954918,0.125689778413152,0.152481087589999,0.123171551645971,0.0190703218116806,0.275862068965517,0.283203125,0.0078125,2.5859375,2.578125,0.136026936026936,"female"
0.163226871287299,0.0776725144199816,0.14590421729807,0.12288777698356,0.246175839885633,0.123288062902073,2.03451328710747,7.60820396623822,0.937603290654218,0.601692968626377,0.13289492494639,0.163226871287299,0.134809914921719,0.0166666666666667,0.271186440677966,0.196354166666667,0.015625,0.9296875,0.9140625,0.132173382173382,"female"
0.163822591322386,0.0747575601951024,0.147508939213349,0.129153754469607,0.242622169249106,0.113468414779499,2.50187323237798,9.79361789489114,0.91718363666822,0.554853819719035,0.134827175208582,0.163822591322386,0.121398257384761,0.0173347778981582,0.16,0.946354166666667,0,4.3125,4.3125,0.212991718426501,"female"
0.153121607012659,0.0791758949890211,0.139899928520372,0.109678341672623,0.230564689063617,0.120886347390994,1.65268442749066,5.91005406820888,0.950048174505331,0.656134743238693,0.114882058613295,0.153121607012659,0.131154523267749,0.0172228202368138,0.275862068965517,0.298177083333333,0.0078125,4.3203125,4.3125,0.0616729678638941,"female"
0.15183452441179,0.0778265866963053,0.136162097735399,0.116805721096544,0.238283671036949,0.121477949940405,2.52979103481628,11.0583217895908,0.925302654585293,0.590654422439717,0.125482717520858,0.15183452441179,0.11784750946767,0.0336842105263158,0.183908045977011,0.127604166666667,0.0078125,0.3671875,0.359375,0.160079051383399,"female"
0.160407284600294,0.0801164893336175,0.140750446694461,0.120238237045861,0.246480047647409,0.126241810601549,2.83895984209021,12.8349369161012,0.93213195741953,0.595843267166856,0.136748064324002,0.160407284600294,0.130534286166746,0.0269360269360269,0.253968253968254,0.540848214285714,0,4.3046875,4.3046875,0.16632860040568,"female"
0.157581440987286,0.0792391756613098,0.140625558534406,0.110098302055407,0.237962466487936,0.127864164432529,1.63933161589078,5.8625231763047,0.947685352400725,0.646624056196769,0.124361036639857,0.157581440987286,0.1281872193645,0.0402010050251256,0.238805970149254,0.1953125,0.015625,0.65625,0.640625,0.279268292682927,"female"
0.161455119484016,0.0761907527376452,0.142502979737783,0.118474374255066,0.240286054827175,0.12181168057211,2.54127941397234,10.3495188123082,0.932222897923343,0.619336097378713,0.136829558998808,0.161455119484016,0.128052381450435,0.027972027972028,0.262295081967213,0.21484375,0.03125,0.6953125,0.6640625,0.284873949579832,"female"
0.165563847535646,0.0759823929934808,0.146420488385944,0.120571768910066,0.242644431209053,0.122072662298987,2.02146460473309,7.89674223684477,0.942839818599765,0.619606046486401,0.123740321620012,0.165563847535646,0.122994841369661,0.0251177394034537,0.20253164556962,0.232142857142857,0.0078125,2.546875,2.5390625,0.0970940170940171,"female"
0.154551198772143,0.0797727303804313,0.139165673420739,0.108462455303933,0.238283671036949,0.129821215733015,1.73973087021562,6.3423512902225,0.952346827125341,0.694849372835733,0.133825983313468,0.154551198772143,0.120143971131445,0.0237037037037037,0.246153846153846,0.383272058823529,0.015625,2.7578125,2.7421875,0.161063627730294,"female"
0.168076057552388,0.0758033470582447,0.145379803395889,0.124110813226095,0.250223413762288,0.126112600536193,2.44723878892418,9.81406507662487,0.931160168360053,0.591464808319698,0.136121537086685,0.168076057552388,0.117603771547478,0.0214477211796247,0.238805970149254,0.255580357142857,0,1.5,1.5,0.225405092592593,"female"
0.149522067089279,0.0800984378852278,0.136297355253753,0.100671908506076,0.23036454610436,0.129692637598284,2.56900331276789,12.5418688224882,0.951893461942358,0.684050343255608,0.0126090064331665,0.149522067089279,0.1238149224076,0.0192307692307692,0.275862068965517,0.458984375,0,3.28125,3.28125,0.150680272108844,"female"
0.163440791049057,0.0804885486193874,0.145840286054827,0.123146603098927,0.250631704410012,0.127485101311085,2.09328986763742,7.31028409956706,0.925478292321168,0.585201653394839,0.131489868891538,0.163440791049057,0.120150109815864,0.0298507462686567,0.172043010752688,0.503676470588235,0.0078125,3.5859375,3.578125,0.164301310043668,"female"
0.158144071287769,0.0817002105886734,0.137122430741734,0.114602323503128,0.247721179624665,0.133118856121537,2.85354035051096,13.5461491497474,0.924777196233277,0.58025229125681,0.131117068811439,0.158144071287769,0.125133116246481,0.0214477211796247,0.271186440677966,0.123355263157895,0.0078125,0.3984375,0.390625,0.162352941176471,"female"
0.156487343323173,0.0806260538761738,0.134896354538956,0.112680486061472,0.240371694067191,0.127691208005718,2.98645919626951,14.9483822102885,0.941623648287874,0.655816921448731,0.13229449606862,0.156487343323173,0.123644539556179,0.0264900662251656,0.258064516129032,0.301382211538462,0,4.0234375,4.0234375,0.109980582524272,"female"
0.153968786698272,0.0747675853386956,0.141501072194425,0.113881343817012,0.227762687634024,0.113881343817012,1.73230601285446,6.20025086031383,0.943752747642511,0.619876773429849,0.124088634739099,0.153968786698272,0.119452099377224,0.0184544405997693,0.216216216216216,0.385817307692308,0,3.8828125,3.8828125,0.0971428571428571,"female"
0.161139311754923,0.0739881161589892,0.144839094159714,0.118474374255066,0.232943980929678,0.114469606674613,1.94327190582586,6.95488590386028,0.937139666102494,0.613187780995838,0.134493444576877,0.161139311754923,0.114623592629572,0.0225669957686883,0.228571428571429,0.358333333333333,0.0078125,3.09375,3.0859375,0.158951175406872,"female"
0.169326416585339,0.079716337794752,0.155889186773905,0.118605898123324,0.252975871313673,0.134369973190348,1.9724818730471,7.32634526076787,0.947894083765828,0.65961585004518,0.13562109025916,0.169326416585339,0.120390103892001,0.0165460186142709,0.258064516129032,0.505859375,0,2.5625,2.5625,0.18308729139923,"female"
0.153989469508897,0.0800139568550057,0.140375335120643,0.114101876675603,0.23295799821269,0.118856121537087,2.20458252412535,9.14271906849838,0.94254628813674,0.6390128701685,0.135871313672922,0.153989469508897,0.127887375716368,0.0206451612903226,0.222222222222222,0.399816176470588,0,3.6015625,3.6015625,0.164045553145336,"female"
0.16321798234447,0.0795456991731684,0.142877569258266,0.121608579088472,0.245218945487042,0.12361036639857,1.91769946985212,6.90006582474061,0.929798096938365,0.562303068761339,0.132868632707775,0.16321798234447,0.1269368870597,0.016243654822335,0.246153846153846,0.3753125,0.015625,3.8828125,3.8671875,0.150841750841751,"female"
0.160504434113114,0.0754232238165515,0.143878462913315,0.119106344950849,0.235710455764075,0.116604110813226,1.95419850805358,7.5457384033118,0.942287366545746,0.622694028852921,0.134870420017873,0.160504434113114,0.131944968823428,0.0180995475113122,0.231884057971014,0.263020833333333,0.0078125,1.234375,1.2265625,0.221268346718361,"female"
0.153712805728766,0.0816929234850902,0.134159713945173,0.113802145411204,0.240286054827175,0.126483909415971,2.16756560874741,8.39423655160118,0.927129477500418,0.568973994301385,0.129153754469607,0.153712805728766,0.123408032056482,0.0217983651226158,0.222222222222222,0.127878289473684,0,0.421875,0.421875,0.213991769547325,"female"
0.167453955295298,0.0766399131621183,0.142836710369488,0.121477949940405,0.248629320619785,0.12715137067938,2.19613820500207,8.84920134087665,0.928004925737063,0.578178242085946,0.13015494636472,0.167453955295298,0.1278710066656,0.016260162601626,0.207792207792208,0.200721153846154,0.046875,0.4375,0.390625,0.411666666666667,"female"
0.152684395204259,0.0809223200387204,0.137698355968549,0.104674767691208,0.239370979270908,0.1346962115797,2.33333879369627,9.72257700679856,0.949198876809163,0.67591054554356,0.124288777698356,0.152684395204259,0.133800750132719,0.08,0.271186440677966,0.136863425925926,0.015625,0.4296875,0.4140625,0.140058055152395,"female"
0.158484982907606,0.0795974247969942,0.137698355968549,0.111479628305933,0.242573266619014,0.131093638313081,2.28935551768109,9.28691197983242,0.947827705357364,0.668809898721887,0.129692637598284,0.158484982907606,0.122018445773585,0.0170394036208733,0.25,0.159319196428571,0,0.4140625,0.4140625,0.298392732354997,"female"
0.16680169586272,0.0745209667612298,0.13887399463807,0.12135835567471,0.24722073279714,0.125862377122431,3.21049410631058,18.100938514275,0.9117408376814,0.515071083489952,0.130366398570152,0.16680169586272,0.118270576101457,0.020253164556962,0.222222222222222,0.154389880952381,0.0859375,0.828125,0.7421875,0.105263157894737,"female"
0.163350127437658,0.0752791333281498,0.152386058981233,0.119106344950849,0.236961572832886,0.117855227882038,1.7071839215431,6.95112124284666,0.955621753546394,0.694278950033092,0.14112600536193,0.163350127437658,0.133265440520898,0.0354767184035477,0.275862068965517,0.393465909090909,0,2.546875,2.546875,0.158486707566462,"female"
0.153710578597004,0.0822065219078575,0.137873100983021,0.100840035746202,0.240214477211796,0.139374441465594,1.6774644820298,5.9526874770188,0.959557627589468,0.726256551119441,0.136371760500447,0.153710578597004,0.129023344693329,0.0163432073544433,0.266666666666667,0.244654605263158,0,1.0625,1.0625,0.280228758169935,"female"
0.145226543555563,0.0763718259712879,0.138623771224307,0.0958355674709562,0.216443252904379,0.120607685433423,1.53980285802952,5.56970242863141,0.967165551453223,0.770305857154365,0.140375335120643,0.145226543555563,0.118173525880349,0.0317460317460317,0.228571428571429,0.365349264705882,0,2.5625,2.5625,0.222560975609756,"female"
0.161266941797858,0.0777968350798225,0.139874888293119,0.115853440571939,0.242966934763181,0.127113494191242,1.99977694785118,7.43980790884254,0.939094757429846,0.620105674179004,0.130866845397676,0.161266941797858,0.128184716186418,0.0245398773006135,0.266666666666667,0.205078125,0.0078125,0.5390625,0.53125,0.270123839009288,"female"
0.150498205704631,0.0807127904331479,0.138123324396783,0.103592493297587,0.226201966041108,0.122609472743521,2.53172240470658,11.554858529405,0.948114292107648,0.678307858676646,0.132117962466488,0.150498205704631,0.123434813765408,0.0193470374848851,0.246153846153846,0.117897727272727,0,0.546875,0.546875,0.205,"female"
0.161635103839504,0.0782552742929396,0.139165673420739,0.113802145411204,0.242622169249106,0.128820023837902,2.61924456260914,11.2457049133292,0.935378245643602,0.630089118268342,0.123480333730632,0.161635103839504,0.11860077176913,0.0193236714975845,0.207792207792208,0.210227272727273,0.015625,0.6484375,0.6328125,0.276543209876543,"female"
0.161678745014469,0.0792395471351419,0.139499404052443,0.11880810488677,0.246626936829559,0.127818831942789,2.28134281744201,8.64091757356286,0.932606588429164,0.617403498111638,0.126483909415971,0.161678745014469,0.125185143780835,0.0812182741116751,0.175824175824176,0.162642045454545,0,0.40625,0.40625,0.280769230769231,"female"
0.159895550781381,0.0789429161063921,0.142502979737783,0.119141835518474,0.242955899880811,0.123814064362336,2.46178733581751,10.7077220758782,0.935532058520714,0.629667960155344,0.130822407628129,0.159895550781381,0.120783937373804,0.0217983651226158,0.20253164556962,0.33349609375,0.0078125,2.671875,2.6640625,0.166568914956012,"female"
0.169464577910836,0.0791566312523207,0.144839094159714,0.121144219308701,0.251299165673421,0.13015494636472,1.40036680686781,4.12726794894719,0.933803367035099,0.592042542399749,0.136495828367104,0.169464577910836,0.122916913882049,0.0239520958083832,0.271186440677966,0.724479166666667,0,3.6796875,3.6796875,0.287079162875341,"female"
0.157558985606526,0.0798946547139499,0.139374441465594,0.110098302055407,0.245969615728329,0.135871313672922,2.23609777121623,8.4372623686534,0.943175870746059,0.653495185496105,0.127113494191242,0.157558985606526,0.125261358918915,0.0386473429951691,0.186046511627907,0.480263157894737,0,3.765625,3.765625,0.144306131857999,"female"
0.165635121362212,0.0811430226947248,0.140700500357398,0.119085060757684,0.251779842744818,0.132694781987134,2.88622155178567,14.2877969164415,0.934782303626428,0.62165342922074,0.130293066476054,0.165635121362212,0.122150871301112,0.027072758037225,0.275862068965517,0.200161637931034,0,2.171875,2.171875,0.110711430855316,"female"
0.149981587608614,0.0785849439348167,0.129365504915103,0.102091152815013,0.233958891867739,0.131867739052726,2.41211349143415,10.3175898655029,0.949652462650713,0.687877372183203,0.121608579088472,0.149981587608614,0.111429223624338,0.0212483399734396,0.231884057971014,0.294270833333333,0.0078125,3.1796875,3.171875,0.135221674876847,"female"
0.156458520855503,0.078440279797616,0.139499404052443,0.114469606674613,0.233945172824791,0.119475566150179,2.05965171839519,7.64524612589145,0.946521181026102,0.678250907855645,0.13015494636472,0.156458520855503,0.122188798733257,0.0243531202435312,0.275862068965517,0.343290441176471,0.0078125,3.9609375,3.953125,0.0851037549407115,"female"
0.157801859080511,0.0778320499546848,0.138699070764832,0.110879199428163,0.234367405289492,0.123488205861329,2.19211298851966,9.34892614529097,0.953209296845808,0.682769565436393,0.133295210864903,0.157801859080511,0.113342081250701,0.0162107396149949,0.271186440677966,0.18125,0,0.421875,0.421875,0.291666666666667,"female"
0.168185752403487,0.0771025392704849,0.146904932094353,0.122087205146533,0.248777698355969,0.126690493209435,2.4433532332872,10.6921302112995,0.937364543867962,0.616971560699482,0.131694067190851,0.168185752403487,0.12526343700242,0.0188457008244994,0.25,0.234654017857143,0,2.3359375,2.3359375,0.0995912300260126,"female"
0.14614585366045,0.0831226093523543,0.13562109025916,0.0888293118856121,0.22645218945487,0.137622877569258,2.14494048345683,10.0468335479184,0.96250064921736,0.742080968434993,0.133118856121537,0.14614585366045,0.135697099412322,0.0162107396149949,0.275862068965517,0.444490131578947,0,3.3125,3.3125,0.186058700209644,"female"
0.147503985459712,0.0806381416775396,0.137830750893921,0.0954469606674613,0.230941597139452,0.13549463647199,1.84431146713622,6.86470576297926,0.947571909421095,0.668765140646298,0.130488676996424,0.147503985459712,0.131311855645691,0.0232896652110626,0.242424242424242,0.1494140625,0.0078125,0.5234375,0.515625,0.360606060606061,"female"
0.149864101902189,0.0820857507015277,0.132868632707775,0.103842716711349,0.237462019660411,0.133619302949062,2.06597339305422,8.03395472619833,0.943768639880502,0.644532589836804,0.125361930294906,0.149864101902189,0.139271937992131,0.017718715393134,0.275862068965517,0.205255681818182,0,0.578125,0.578125,0.324324324324324,"female"
0.160637469791482,0.0769032062517289,0.142501786990708,0.115482487491065,0.237969978556111,0.122487491065046,1.90083259756522,7.10704051085087,0.943650672926274,0.625965359311041,0.13409578270193,0.160637469791482,0.117141266237874,0.0203045685279188,0.258064516129032,0.650592672413793,0.0078125,3.7421875,3.734375,0.199491930663479,"female"
0.142056509013048,0.0807976034642853,0.136121537086685,0.086076854334227,0.21769436997319,0.131617515638963,1.9344798352369,7.8844606418683,0.960445806904951,0.734209478708156,0.142627345844504,0.142056509013048,0.127719317697038,0.02,0.246153846153846,0.126233552631579,0,0.3828125,0.3828125,0.380952380952381,"female"
0.161958964416841,0.0776585047942845,0.142101501072194,0.118484631879914,0.243173695496783,0.124689063616869,2.05071954590677,7.7265667239708,0.942264661351222,0.622553558739579,0.127290922087205,0.161958964416841,0.126285236247686,0.0597014925373134,0.172043010752688,0.202473958333333,0.0078125,0.6484375,0.640625,0.23669623059867,"female"
0.163043233300327,0.0783100313066835,0.143502501786991,0.117684060042888,0.243573981415297,0.125889921372409,1.80468552074616,6.54388592710487,0.943022792283112,0.620625518425616,0.121887062187277,0.163043233300327,0.123829238466751,0.0256821829855538,0.2,0.112444196428571,0,0.4453125,0.4453125,0.224821312540611,"female"
0.158319900181141,0.0799339700050169,0.139099356683345,0.110879199428163,0.240771979985704,0.129892780557541,1.92074177031029,7.51942045626367,0.949399502305503,0.65339553530044,0.125289492494639,0.158319900181141,0.132254192009574,0.018539976825029,0.275862068965517,0.167708333333333,0,0.609375,0.609375,0.305039787798408,"female"
0.170678793354588,0.0759614134356964,0.149106504646176,0.127891350964975,0.252380271622588,0.124488920657613,2.52718426658284,10.9911853058534,0.923414984256263,0.53685479853606,0.133895639742673,0.170678793354588,0.123828116598228,0.0256821829855538,0.16,0.166015625,0,0.421875,0.421875,0.207133058984911,"female"
0.163729200185043,0.0738175966665244,0.144171632896305,0.115137067938021,0.233277711561383,0.118140643623361,1.81806652409481,7.54590573531846,0.957911529503972,0.710021285673935,0.130822407628129,0.163729200185043,0.117869033511615,0.028673835125448,0.231884057971014,0.36640625,0.03125,2.171875,2.140625,0.132197891321979,"female"
